"location","order","country","include","counts","Offset","Case_counts_WHO","Sequence_count","Pop_Size","geconMN","geconMIN","geconMAX","geconSTD","pdensMN","langV1","langV2","langV3","langV4","langV5","langV6","langV7","langV8","langV9","langV10","langV11","langV12","langV13","langV14","langV15","langV16","langV17","tt50kMN","tt100kMN","tt500kMN","pre01MN","pre02MN","pre03MN","pre04MN","pre05MN","pre06MN","pre07MN","pre08MN","pre09MN","pre10MN","pre11MN","pre12MN","hum01MN","hum02MN","hum03MN","hum04MN","hum05MN","hum06MN","hum07MN","hum08MN","hum09MN","hum10MN","hum11MN","hum12MN","altMN","tempMN","tmpssMN","precMN","precssMN","IntroadminTO","IntrodistanceTO"
"Bafing",81,"CIV","OUT",0,188328,-0.459734750825152,-0.510981601737721,-0.472399899782181,-0.976811258650293,-0.925808676025724,-0.776874718026136,-0.18910486398109,-0.194370740332124,NA,NA,NA,NA,NA,NA,NA,NA,NA,NA,NA,NA,NA,NA,NA,NA,NA,0.308632047081236,0.0769139070170107,0.48735169017749,NA,NA,NA,NA,NA,NA,NA,NA,NA,NA,NA,NA,NA,NA,NA,NA,NA,NA,NA,NA,NA,NA,NA,NA,0.739754140988426,-0.736989885750084,-0.624251845127855,-0.960487034974068,-0.74980285891008,-1.18460954098746,-0.325091430303847
"Beyla",1,"GIN","IN",52,218698,-0.370921157719821,-0.389959643431419,-0.348033447554355,-0.71123612252794,-0.781141327857356,-0.473043722242239,0.186936863668535,-0.198401793597021,-0.509155558152468,2.47312866503212,-0.459462304866223,-0.485105588936614,-0.126246316757162,-0.125988157669742,-0.206865434791334,-0.306492492587749,-0.159843700798066,-0.281112938093259,-0.290958840783692,-0.391703739601521,0,0,-0.319061444149987,-0.259402814528728,0,0.533323221267274,0.336541029267602,-0.0694749900313544,-0.272932603321863,0.0870022908172718,0.206391449440104,0.45394208500265,-0.662365710506685,-1.22934374121461,-0.77336217613777,-0.724591100157758,-1.16241008570545,-1.39456419123093,-0.938044559828189,-0.483539467067059,1.51989182212109,1.14286363017672,0.614980560425378,0.587550761922981,0.757329789519355,1.05076275119501,1.54442633087427,1.76631523105773,1.32919815378555,0.762307654743877,0.955175084145941,1.12214417351159,1.46698422817844,-1.1624212993516,-0.566550128174261,-0.659857122248723,-0.731995274159355,-0.0363775108057427,-0.300004023945736
"Bo",50,"SLE","IN",450,552742,0.308844420278677,-0.117660237242238,1.01989105583688,0.397337634069309,0.0752487978052674,0.369178822222737,0.464012098190645,-0.107535902281496,-0.0610085833137285,-0.546237563515087,-0.459462304866223,-0.485105588936614,-0.126246316757162,-0.125988157669742,-0.206865434791334,-0.308327995164239,-0.300822675962276,-0.281112938093259,-0.290958840783692,-0.391703739601521,0,0,4.29842590467222,-0.259402814528728,0,-1.06335964818868,-1.1873559692311,-0.110922721145013,-0.213642422766425,-0.0407328182091261,0.0873115725692754,0.521267090431895,1.40926599907701,0.723498081671242,0.266163038277629,0.349136492838678,0.50942619063698,1.44143647305037,1.26350225442518,0.18530693096302,-0.141355882108581,0.0865007380953897,0.473133151125655,0.105688701632383,-0.144049195549248,-0.121742710686767,-0.550813982269542,0.321755228798329,-0.133805299927975,-0.0638731093852133,-0.442369386296498,-0.346952533937396,-0.826300933852405,0.165304532850613,-0.836107573457234,0.733647460757947,-0.439953980941151,1.85303066667734,0.148758420535478
"Boffa",2,"GIN","IN",52,195019,-0.370921157719821,-0.510981601737721,-0.444999967880423,-0.226967959871598,0.166039206377231,-0.248576918668232,-0.447361678582237,-0.175286614504806,0.227579541982651,-0.546237563515087,2.32269612038366,-0.485105588936614,-0.110224543729578,-0.125988157669742,-0.206865434791334,-0.308327995164239,-0.300822675962276,-0.281112938093259,-0.290958840783692,-0.391703739601521,0,0,-0.319061444149987,-0.259402814528728,0,-0.580896681780299,-0.185682814404377,-0.51306731211873,-0.784402369959987,-0.916750941272375,-1.06003176993033,-1.39476893557625,-0.999706877632665,0.287375241409278,1.76480647669705,1.74562006499717,1.31024117085778,0.866743809059338,-0.382506309120248,-0.789650625504143,-0.601085159036783,-0.627141407598345,-0.596519792117156,-0.308343944800576,-0.316161988757195,-0.489585216176967,-0.923880696302895,-1.06171474613377,-0.960589753719492,-0.81890759421349,-0.464829597020364,-0.442916706344341,-1.01341452816711,2.54069390957201,0.653831143459099,1.08446726274318,1.39362598093511,-0.0211013126609957,-0.0938951807286055
"Boke",3,"GIN","IN",36,465824,-0.398248417136846,0.0336172106406395,0.663958118901148,-0.210634833824611,0.0375012057618107,-0.215162161875005,-0.270008926713346,-0.169151779976942,0.122053766529963,-0.0687513859259414,0.91523861479019,-0.391509965381062,7.81124986591646,-0.125988157669742,-0.206865434791334,-0.308327995164239,-0.300822675962276,-0.281112938093259,-0.290958840783692,-0.391703739601521,0,0,-0.319061444149987,-0.259402814528728,0,0.0175637194772509,0.402615808468807,0.0228274635092058,-0.796615151543865,-0.927319229475862,-1.11141205084093,-1.57786468611686,-1.50012555845098,-0.571021433779406,0.48788937290059,0.789018270212556,0.646324950955135,0.544944041209418,-0.669938248138959,-0.90571187019186,0.0693676837782942,0.194132077056025,0.32278078859707,0.693021525276801,0.646394867395767,0.186077639711698,-0.443361889079366,-0.819388530730951,-0.527597061994814,-0.376865766025076,0.0822505590500672,0.100548614561064,-0.977320893507379,1.15777506967529,0.0694122199442672,0.31270700398687,1.24420428652338,-0.0514922177958547,-0.273307204420198
"Bombali",51,"SLE","IN",1212,443868,1.6103051500145,2.75661127253244,0.574047357455177,0.676848987846884,0.453649607892797,0.661864747364751,0.604389184721346,-0.157857532375387,1.728902217286,-0.479024549376742,0.26194545491814,-0.485105588936614,-0.126246316757162,-0.125988157669742,-0.206865434791334,-0.308327995164239,-0.300822675962276,-0.281112938093259,-0.290958840783692,-0.391703739601521,0,0,0.359011300923434,-0.259402814528728,0,-0.35817599000212,0.296473439352001,-0.000370540486620607,-0.62738910683785,-0.699902862244143,-0.690843361195507,-0.24079462458809,0.19105666632635,0.34598798951518,0.318491634624003,0.616814729029768,0.584781992419826,1.03542751404016,0.519483855071112,-0.505743637863697,0.25336973203069,0.124218497629955,0.130048633908206,0.0132582965348845,-0.298426135397894,-0.203064590561483,-0.521772896007334,-0.0545205645479072,-0.204224532440767,-0.00195751359993688,-0.0359476100128249,0.314063197704067,-0.85787767293322,0.913204869855904,-0.148933999415066,0.514707327569395,-0.118611768698863,1.78560180787678,0.224469742389918
"Bomi",35,"LBR","IN",220,124080,-0.0839849338410578,-0.359704153854843,-0.735498214656509,-0.248288266102976,-0.452444139076078,-0.341899299090173,-0.089293037330299,-0.152086790021785,-0.509155558152468,-0.546237563515087,-0.459462304866223,-0.485105588936614,-0.126246316757162,-0.125988157669742,-0.206865434791334,2.39773403134528,-0.300822675962276,-0.281112938093259,-0.290958840783692,1.43456979778035,0,0,-0.319061444149987,1.4760983911283,0,-1.31456548843656,-1.26188633297155,-1.37243162926692,0.949812586783653,0.682296718358322,0.876119380916154,0.95657622556754,1.13541291791824,1.81827092100289,0.54939857918557,0.371403705850212,1.77196302540022,1.26431233436854,1.26022602027724,1.1659460949231,-1.10082086200597,-0.802627224903226,-0.625703936814,-0.72183697157203,-0.522505658860372,-0.565576564601708,-0.295252180401581,0.339968044772786,-0.458104452059674,-0.605635033664061,-0.962542033497573,-1.21608770920002,-1.14173914215517,-0.196435100771093,-1.10530080851863,1.89027106805929,-0.575238572240041,-0.514524226384771,-0.00851248418291712
"Bong",36,"LBR","IN",219,334921,-0.0856928875546218,-0.45047062258457,0.127904720943326,-0.25794229485113,-0.28908428779383,-0.207735988343699,-0.053961378671978,-0.173329183265768,-0.509155558152468,-0.546237563515087,-0.459462304866223,-0.485105588936614,-0.126246316757162,-0.125988157669742,-0.206865434791334,-0.308327995164239,4.09077534831715,0.165924259514356,-0.178450484096535,-0.243023176221589,0,0,-0.319061444149987,0.674361538734741,0,-0.253347697339575,-0.449734526598056,-0.510337207545629,0.998376336811389,1.03886194458531,1.42759556853206,1.139917965072,0.674723980725879,0.444676215818484,-0.391999059412004,-0.450621235282768,0.524948707971666,0.383680707968542,0.558573721056272,0.678462266048198,-0.309934796959128,-0.269992751924253,-0.294872475646662,-0.350291944686641,-0.178650842017247,-0.144650252416289,0.230972921050323,0.748662479934526,0.110808907233535,-0.198630708956386,-0.585367761496516,-0.640921256703732,-0.230553487002669,-0.343487232536018,-1.20572138463125,-0.0134116479267722,-1.23513126977841,-0.502147342089614,-0.179696241058592
"Bonthe",52,"SLE","IN",5,148892,-0.451194982257332,-0.480726112161145,-0.63389201074881,1.26961221811244,1.76023750557696,0.876062553457818,-0.455623841279602,-0.17015059248258,2.57994962432544,-0.546237563515087,-0.459462304866223,-0.485105588936614,-0.126246316757162,-0.125988157669742,-0.206865434791334,-0.308327995164239,-0.300822675962276,-0.281112938093259,-0.290958840783692,-0.391703739601521,0,0,0.252053689740821,-0.259402814528728,0,-0.494719242007272,-0.679763173815951,-0.303796812452213,-0.276733814409666,-0.306236479096084,-0.330625403115169,0.0980703088528801,0.95950193816803,2.32611743058323,1.61971169578023,1.3803455613816,1.24361885899857,1.20520492859964,0.961681204910041,0.640674360712901,-1.43708190359513,-0.953545008243327,-0.832262802488471,-1.01638006968346,-0.996616076319244,-1.07383812096566,-1.32330778578486,-0.424968287860585,-1.09125980864396,-1.02219958585447,-1.04719278650278,-1.22200021615217,-1.3227423867159,0.598673684910784,-0.804026574616734,1.56209361499758,-0.0948527388487826,1.88458942648478,0.0235037632890175
"Cavally",79,"CIV","OUT",0,421559,-0.459734750825152,-0.510981601737721,0.482691045873005,2.95914483335406,-0.338743385496025,3.47942403514543,4.47774662550113,-0.175837754167838,NA,NA,NA,NA,NA,NA,NA,NA,NA,NA,NA,NA,NA,NA,NA,NA,NA,2.65821603506102,2.34318924492729,2.6381998396081,NA,NA,NA,NA,NA,NA,NA,NA,NA,NA,NA,NA,NA,NA,NA,NA,NA,NA,NA,NA,NA,NA,NA,NA,-0.26030942789869,-0.114823184073543,-0.821163332305417,-0.564944379294533,-1.22762697409632,-1.1919078947992,-0.342885328884393
"Conakry",4,"GIN","IN",630,1513554,0.616276088720209,1.6976691373523,4.95445739426037,0.756115800583636,1.37902792430295,0.245752888450054,-0.788885098500438,4.06558259389362,-0.509155558152468,-0.546237563515087,3.07707115508595,-0.485105588936614,-0.126246316757162,-0.125988157669742,-0.206865434791334,-0.308327995164239,-0.300822675962276,-0.281112938093259,-0.290958840783692,-0.391703739601521,0,0,-0.319061444149987,-0.259402814528728,0,-1.45802958681066,-1.59270720265992,-1.64201461110182,-0.73871219839297,-0.880916743206504,-0.949815111168221,-1.15982885598217,-0.636890379443433,1.14887379313815,3.14541278522092,2.81394065975267,1.89699706908538,0.834742988006927,-0.288135210578533,-0.58100291363745,-1.12099660318641,-1.32206499125768,-1.38449166858044,-1.1846900614361,-1.09642861269359,-1.03804502414276,-1.30588317229211,-1.08062798691107,-1.29201649307847,-1.08366009625512,-0.896293722237015,-0.86725128045556,-1.27963630717071,1.26489788733485,-0.317979064955437,1.90825755468384,1.39400241380919,-0.253764371377019,0.359905646655426
"Coyah",5,"GIN","IN",258,108104,-0.0190826927256232,0.275661127253244,-0.800920619687518,0.831319080313425,1.35472158786508,0.257737167709686,-0.642784983027982,-0.117889538524951,-0.509155558152468,-0.546237563515087,3.07707115508595,-0.485105588936614,-0.126246316757162,-0.125988157669742,-0.206865434791334,-0.308327995164239,-0.300822675962276,-0.281112938093259,-0.290958840783692,-0.391703739601521,0,0,-0.319061444149987,-0.259402814528728,0,-0.660208930232885,-0.818047018873817,-1.0082659326816,-0.731240851390019,-0.872598092154077,-0.91740891893439,-1.03944212306341,-0.466201763021926,0.735027778770867,2.37527407005414,2.12310903094277,1.31747653940701,0.674189503342901,-0.368168417122661,-0.613646923338939,-0.848625055594518,-1.02724915225426,-1.09362313418309,-0.948003848472837,-0.927994896410992,-0.844762565366045,-1.09678706181527,-0.99867051295327,-1.06037417365157,-0.878791988571765,-0.664424140599374,-0.601189324328038,-0.623208173890438,1.13252751941644,0.178337949608113,1.40048484292522,1.1653792137217,-0.13614875262874,0.723354962901481
"Dabola",6,"GIN","IN",15,156599,-0.434115445121691,-0.510981601737721,-0.602331515282236,-0.395678133990764,-0.395520508568855,-0.344092139121023,-0.202388776338499,-0.1844286225179,-0.509155558152468,1.50268192752204,-0.459462304866223,0.569013797635649,-0.126246316757162,-0.125988157669742,-0.206865434791334,-0.308327995164239,-0.300822675962276,-0.281112938093259,-0.290958840783692,-0.391703739601521,0,0,-0.319061444149987,-0.259402814528728,0,0.20967006618082,0.392099365027729,-0.0377092441202413,-0.741949784841214,-0.661027022527049,-0.709546356283037,-0.706214174292814,-0.909992268955612,-1.16850154074734,-0.779018166627083,-0.72633585708429,-1.20673972683221,-1.10669231309017,-1.35208510379268,-0.839385179673077,1.0216589842258,1.04909884112623,1.06217719401973,1.06435614745278,0.877367736581286,0.857555480185534,0.830381733516362,0.18151692009471,0.85453477799401,1.07428200231644,1.18537858276016,1.23168074295057,1.41468956020106,-0.818931833596657,1.01160169190836,-0.895588446422974,0.277370745292647,-0.0210600921891071,-0.257106097127342
"Dalaba",7,"GIN","IN",10,178343,-0.442655213689512,-0.420215133007994,-0.513288902926562,0.540513073684717,-0.005418076941945,1.0314488138861,1.548833592787,-0.152864873689767,-0.509155558152468,-0.546237563515087,-0.448928358010142,2.61506012812425,-0.126246316757162,-0.125988157669742,-0.206865434791334,-0.308327995164239,-0.300822675962276,-0.281112938093259,-0.290958840783692,-0.391703739601521,0,0,-0.319061444149987,-0.259402814528728,0,-0.43994424581325,-0.546632684106695,-0.799296622033487,-0.739459333922584,-0.802305476332368,-0.853059487283751,-0.761320328647441,-0.606545768114738,-0.959543892229136,-0.426404567898014,-0.328492614305817,-0.855539436246833,-0.984576605387161,-1.10468429175191,-0.853234154262812,0.678672764173757,0.686896123205063,0.714821106559229,0.721423863611881,0.57293886833841,0.619889590316739,0.429614218057679,-0.826559767074137,0.477730064628654,0.612646393978013,0.781999364950175,0.906494093335604,2.24821614592681,-1.89455130048442,0.368896512357514,-0.540127807554529,0.316309150161421,-0.0289875278101371,-0.246099721394474
"Dinguiraye",8,"GIN","IN",1,178550,-0.458026797111588,-0.510981601737721,-0.512441229050659,-1.05760758170367,-0.736397861288861,-0.925704997516639,-0.689396062289211,-0.200559240922682,-0.509155558152468,2.05992769548408,-0.387615162663473,-0.0531396693520165,-0.126246316757162,-0.125988157669742,-0.206865434791334,-0.308327995164239,-0.300822675962276,-0.281112938093259,-0.290958840783692,-0.391703739601521,0,0,-0.319061444149987,-0.259402814528728,0,0.265632826084082,0.384124243548453,0.116474155910332,-0.795426527900629,-0.845751531073976,-0.982992877634649,-1.20165254682223,-1.59915358430341,-1.44470227027938,-0.776200942358299,-0.633369273868794,-1.35426445027985,-1.75030700788301,-1.6778980233068,-0.940896355562979,1.0267946915573,1.14941295767386,1.31112094584946,1.45376495452229,1.3954864572403,1.27874224102364,1.17634050245702,0.419441858702069,1.09319646418777,1.52374974490162,1.83929727319915,1.46818007385637,0.831635715483203,0.0316109242784701,1.38930580271169,-1.06285549685983,0.780838464284999,-0.0212289617050656,-0.304561037052727
"Dubreka",9,"GIN","IN",167,273945,-0.174506480659953,0.154639168946942,-0.121794613631712,0.32000146525065,0.494888443641771,0.0646700978398911,-0.268472557015713,-0.136710508574253,-0.305834056208549,-0.546237563515087,2.85834895260115,-0.475421053163165,-0.126246316757162,-0.125988157669742,-0.206865434791334,-0.308327995164239,-0.300822675962276,-0.281112938093259,-0.290958840783692,-0.391703739601521,0,0,-0.319061444149987,-0.259402814528728,0,-0.702598815520775,-0.518105534541215,-0.706725886962164,-0.756145346604893,-0.893048113341842,-0.967175571041348,-1.12996915768911,-0.605556270385305,0.342036684721775,1.69838827405901,1.61607045501488,1.00584486863289,0.641959928694361,-0.370099039472159,-0.722130545517231,-0.509001356176655,-0.599063739330582,-0.621488471335833,-0.453592401387916,-0.460122767762471,-0.508307718438722,-0.817992289316853,-1.06696842471938,-0.813289127995503,-0.632950598449104,-0.381028242700893,-0.296696389270358,-0.61966156861019,1.46865523920996,0.216702573380767,1.05673209708962,1.17358723030776,-0.0743945939507877,0.0699806193921344
"Faranah",10,"GIN","IN",88,187820,-0.309434824031514,-0.268937685125116,-0.474480181564589,-0.395637145096715,-0.114790272765155,-0.389527627443088,-0.328133065830909,-0.201637718467325,-0.297922858673919,1.7079872758065,0.245387493671981,-0.446385492959928,-0.126246316757162,-0.125988157669742,-0.206865434791334,-0.308327995164239,-0.300822675962276,-0.281112938093259,-0.290958840783692,-0.391703739601521,0,0,-0.319061444149987,-0.259402814528728,0,-0.00242465844384871,-0.107105941751453,-0.0909214928943072,-0.574735760259485,-0.537991227611248,-0.44550900938257,-0.173136585277473,-0.348373263818626,-0.794680056339497,-0.784961332323065,-0.72598711210452,-0.9056111619864,-0.486038667744652,-0.832571462921791,-0.736361318407808,1.06753211420465,1.07303875670985,1.02232978509404,0.939673627739257,0.71005009070891,0.738797901697351,0.796082620492338,0.759101258385607,0.870790361752493,1.00167966612535,0.893575660966837,1.05212791445134,0.922321797291264,-0.5952709145407,0.568528458134029,-0.714227184856804,-0.0646422952044264,0.035726413173343,-0.219859489158042
"Folon",77,"CIV","OUT",0,88493,-0.459734750825152,-0.510981601737721,-0.881228505582806,-0.454578277080317,-0.374837710255305,-0.429088243166916,-0.263108783975706,-0.204108597330273,NA,NA,NA,NA,NA,NA,NA,NA,NA,NA,NA,NA,NA,NA,NA,NA,NA,0.806273242466764,0.54698542808022,0.583238326252063,NA,NA,NA,NA,NA,NA,NA,NA,NA,NA,NA,NA,NA,NA,NA,NA,NA,NA,NA,NA,NA,NA,NA,NA,0.499114911575946,0.279913045434711,0.436702500595907,-1.10310159813911,0.257780490853877,-1.19118926512773,-0.340080093442228
"Forecariah",11,"GIN","IN",503,389052,0.399365967097573,1.30434777285681,0.349573487013277,1.44574343655647,1.75173366989073,1.53424120150314,0.299181966839062,-0.111593840198097,-0.263969733674744,-0.0279473268616002,2.2352765710063,-0.485105588936614,-0.126246316757162,-0.125988157669742,-0.206865434791334,-0.308327995164239,-0.300822675962276,-0.281112938093259,-0.290958840783692,-0.391703739601521,0,0,-0.319061444149987,-0.259402814528728,0,-0.232241995723462,-0.415857990932183,-0.611953707573533,-0.684975962546932,-0.839323481705381,-0.874319372893076,-0.861158916415351,-0.237538633629035,0.666475952838956,2.00576345210944,1.89474843070076,1.18813950430422,0.689009823006198,-0.148887210901251,-0.536107891434763,-0.97045509557237,-1.21677367523742,-1.30083043506606,-1.24052407281409,-1.14537539454588,-0.99178944891515,-1.22948260830167,-0.88519092486394,-1.1245212448919,-0.926069409850348,-0.784180957197942,-0.710342917337487,-0.982023405285587,1.688656448178,0.66399948361168,1.18751309437227,0.806026431104218,1.01865917090574,0.449047672545245
"Fria",12,"GIN","IN",16,115696,-0.432407491408127,-0.420215133007994,-0.769831054152001,-0.190417200908765,0.185097321109917,-0.494208074652126,-0.723619561340224,-0.136220366254004,-0.509155558152468,-0.546237563515087,2.19152768933062,0.293491085085987,-0.126246316757162,-0.125988157669742,-0.206865434791334,-0.308327995164239,-0.300822675962276,-0.281112938093259,-0.290958840783692,-0.391703739601521,0,0,-0.319061444149987,-0.259402814528728,0,-0.871982277963667,-0.436100219300689,-0.641936436952496,-0.774201105379783,-0.904832870753296,-1.01520617292504,-1.2114908780002,-0.748209123853168,0.0352127656095836,1.16677556367093,1.22986382372847,0.82429802310655,0.663842751617045,-0.289714788855437,-0.799618843726789,-0.223179475869785,-0.269150373821192,-0.246310070930779,-0.0485958470073612,-0.0483953297357565,-0.200487430749705,-0.574046911080782,-1.14209602005197,-0.597089755321148,-0.42808281691546,-0.134436841842648,-0.051328403119439,-0.443542000839747,1.39104460352294,0.426512111178958,0.691187940678482,1.08189163904465,-0.0322410765371693,-0.0435487668331855
"Gabu",74,"GNB","OUT",0,220218,-0.459734750825152,-0.510981601737721,-0.341808982378646,-0.0393068070144938,0.010971572268511,-0.185796085137912,-0.378984767435953,-0.190681968128644,NA,NA,NA,NA,NA,NA,NA,NA,NA,NA,NA,NA,NA,NA,NA,NA,NA,1.29385353100204,1.1401543693296,1.3588092130407,NA,NA,NA,NA,NA,NA,NA,NA,NA,NA,NA,NA,NA,NA,NA,NA,NA,NA,NA,NA,NA,NA,NA,NA,-1.05794988783582,0.531646758944649,1.1868959734681,-0.816295623397646,1.23348175933245,-1.16828634232239,-0.334702542547106
"Gaoual",13,"GIN","IN",0,171616,-0.459734750825152,-0.510981601737721,-0.540836256371955,-0.629160932072822,-0.351596036052713,-0.593957217565133,-0.471098356626808,-0.200810712569482,-0.366256364096881,-0.546237563515087,-0.416651637225202,2.45832989916667,-0.126246316757162,-0.125988157669742,-0.206865434791334,-0.308327995164239,-0.300822675962276,-0.281112938093259,-0.290958840783692,-0.391703739601521,0,0,-0.319061444149987,-0.259402814528728,0,0.606130308154715,0.681690843680612,0.193649885036892,-0.782441563464617,-0.911255360683039,-1.08420548855531,-1.39658757854246,-1.508813999573,-1.03475137041708,-0.321521013540311,-0.120586712655487,-0.355765034393728,-0.451572981310859,-0.798687448175181,-0.915123934708984,0.871647055524166,1.01045064191321,1.16116678500533,1.39936786416167,1.46420782242031,1.07921981263373,0.499107901120376,-1.36988950181468,0.509342460374061,0.781843055733737,1.08726170232561,1.03795993633794,-0.372387796659142,0.414164563806394,0.972390201061881,-0.454380996271618,0.870146674824548,-0.0196670592479903,-0.306269994328985
"Gbarpolu",37,"LBR","IN",28,91366,-0.411912046845358,-0.480726112161145,-0.869463447392139,0.0911670884303562,-0.0693594308254378,-0.167434860582362,-0.240433243650323,-0.20690657637244,-0.509155558152468,-0.546237563515087,-0.459462304866223,-0.485105588936614,-0.126246316757162,-0.125988157669742,-0.206865434791334,-0.308327995164239,0.123961810775764,1.07138296369162,-0.290958840783692,-0.30136520942654,0,0,0.1514536026986,6.65636772687836,0,0.59825071750183,0.660608741165905,0.30927000162205,0.846281040472388,0.937600184024564,1.29555357049507,1.30782834903439,0.938003858627912,0.526753026351423,-0.205788006459786,-0.301757993524896,0.55645004455575,0.858902383592808,1.23640663294915,0.845158664371296,-0.354321315379404,-0.177396428665152,-0.105392328360017,-0.258232259861882,-0.0938457346116569,-0.0286807161588776,0.210063297247779,0.786831243687184,0.259986422296404,-0.0739539308160565,-0.624990623558726,-0.72408452966532,0.055130145547989,0.157107300905933,-0.964856467468066,0.431920232455636,-1.09743486474301,0.220133646458105,-0.0151713279480723
"GrandBassa",38,"LBR","IN",164,219024,-0.179630341800645,-0.0874047476656628,-0.346698463575881,-0.736012461347076,-0.511970230551861,-0.886930737791552,-0.745007723831718,-0.184477328145354,-0.509155558152468,-0.546237563515087,-0.459462304866223,-0.485105588936614,-0.126246316757162,-0.125988157669742,-0.206865434791334,-0.308327995164239,0.725350757726848,-0.281112938093259,1.95952417315549,1.5410549048709,0,0,-0.319061444149987,-0.259402814528728,0,-0.661204045400649,-0.83973294634783,-0.684348497309703,1.30372710216255,0.973600316961385,1.06792309134905,0.927094335162691,0.950610753570828,1.40072701481805,-0.0219371457351431,-0.0906961587316281,1.23967433888844,0.621013009220795,0.716446069095443,1.09059392973485,-0.928889126980734,-0.832230907742489,-0.774162385398436,-0.755224644242229,-0.635879882856858,-0.664552281559158,-0.226311111043753,0.362535997954205,-0.512490000151832,-0.709553414938639,-0.919336588607941,-1.07007505476889,-0.817730571907169,-0.214958636948343,-1.16913477244266,0.735685810267657,-1.01597718025971,-0.536710644438329,-0.155173527522054
"GrandCapeMount",39,"LBR","IN",207,132777,-0.106188332117391,-0.389959643431419,-0.699883626739966,0.437812656093887,0.659010587077918,0.184273372841347,-0.328055965359307,-0.186821750283978,-0.509155558152468,-0.546237563515087,-0.459462304866223,-0.485105588936614,-0.126246316757162,-0.125988157669742,-0.206865434791334,3.30845038059706,-0.300822675962276,1.40766169447218,-0.290958840783692,-0.391703739601521,0,0,-0.317239659096909,2.263657963043,0,-0.563988346972913,-0.313419568467623,-0.61505304301143,0.665901333578827,0.565043360586816,0.817479616187917,1.00577817404925,1.1018013309137,1.46488271122952,0.422408108226086,0.248951489004145,1.25747827430848,1.24535180124531,1.39406604638778,1.00230212499938,-0.945179979397087,-0.612099796439013,-0.408907476711028,-0.598609757410249,-0.444081350372543,-0.485809252763175,-0.372418581713422,0.306794718221289,-0.338974065181338,-0.486616395029768,-0.927840553800769,-1.14598255499487,-0.873041523293969,-0.121727244125359,-0.972464126251173,1.43203154024863,-0.662835524373568,-0.0833057278650675,-0.0943063124148259
"GrandGedeh",40,"LBR","IN",4,127295,-0.452902935970896,-0.510981601737721,-0.722332651801308,0.332638118767689,-0.338743385496025,1.24086614000505,1.75096757863645,-0.20399309499441,-0.509155558152468,-0.546237563515087,-0.459462304866223,-0.485105588936614,-0.126246316757162,-0.125988157669742,-0.206865434791334,-0.308327995164239,-0.300822675962276,-0.281112938093259,4.91870474099765,0.461551981219946,0,0,-0.319061444149987,-0.259402814528728,0,3.3975431955633,2.99565137117244,2.48155331733109,1.38788263762967,1.74791618729092,1.66713903973736,0.931930160333041,0.496361219415374,0.0484989414847938,-1.22568700829414,-1.46245488756434,-0.693567225136636,-0.407726146834214,0.259460255184214,1.11068210605363,-0.667716598473748,-0.854571028914454,-0.962942945572146,-0.938536508186247,-0.994120754806341,-1.18408078660901,-0.68904975051525,-0.0616235319701384,-0.924477385615098,-1.02629701784351,-0.944875807680541,-0.915733498961598,-0.3416585759154,0.133207210480334,-0.856549592368764,-0.00773033842684758,-1.49006973771304,-0.49994194945495,-0.32976541956349
"GrandKru",41,"LBR","IN",25,64797,-0.417035907986051,-0.45047062258457,-0.978264641637812,-0.409974907253789,-0.371329242747476,-0.636456993437003,-0.46498989763133,-0.198196158168033,-0.509155558152468,-0.546237563515087,-0.459462304866223,-0.485105588936614,-0.126246316757162,-0.125988157669742,-0.206865434791334,-0.308327995164239,-0.300822675962276,-0.281112938093259,-0.290958840783692,3.71154754152625,0,0,-0.319061444149987,-0.259402814528728,0,0.977141027213173,0.708449935002844,1.33524320331191,3.17104450152968,2.66449308461546,1.64962430880774,1.06685176745655,1.73658871587788,1.16034916408792,-1.07000995808265,-1.45547110910151,-1.0338270367852,-0.215204839474795,1.4913394063405,3.06206837687243,-1.76258268102987,-1.76428933307756,-1.70824108157817,-1.44346735634348,-1.91239786182484,-2.25787267763625,-1.72407524269665,-0.949495989075096,-2.16299107630601,-2.13258378105818,-1.5499446224708,-1.62286659049825,-1.10350513416123,-0.78628777460541,-0.730015358892647,1.43532597368893,-1.88765701157676,-0.5043236581502,-0.350276139035129
"Gueckedou",14,"GIN","IN",390,720289,0.206367197464833,1.24383679370366,1.70600320504384,-0.376542749480416,0.0403329069797885,-0.6293920579973,-0.770419860921098,-0.0276562507863738,2.19269700922475,-0.543141517818385,-0.459462304866223,-0.485105588936614,-0.126246316757162,-0.125988157669742,-0.206865434791334,-0.282609214194392,-0.300822675962276,1.23157967933351,-0.290958840783692,-0.391703739601521,0,0,-0.319061444149987,-0.259402814528728,0,-0.638370058107703,-0.805776005923841,-0.0236444997163185,0.2344309393541,0.592524637787035,0.747073314546813,1.02688083869998,0.67639515117389,-0.237327492825139,-0.651477450501417,-0.688443064484537,-0.499231062759153,0.500197228707114,0.822325190764702,0.22586464158321,0.651099353316016,0.689001961065414,0.643157748274904,0.493153095514364,0.506813085551198,0.615594311078274,0.785077556103457,1.20052134962883,0.924027440743573,0.657717154296771,0.204166063297405,0.291595716622848,0.701958558307405,-0.567089185580393,-0.334382126346351,0.285839483409527,-0.954112894062545,0.565621496115232,-0.10739746178134
"Kabadougou",78,"CIV","OUT",0,212545,-0.459734750825152,-0.510981601737721,-0.373230246387342,-0.923702080118724,-0.798844918928427,-0.83124542046369,-0.491966747698933,-0.200970466999255,NA,NA,NA,NA,NA,NA,NA,NA,NA,NA,NA,NA,NA,NA,NA,NA,NA,0.769863705778266,0.512680592487176,0.691256054244005,NA,NA,NA,NA,NA,NA,NA,NA,NA,NA,NA,NA,NA,NA,NA,NA,NA,NA,NA,NA,NA,NA,NA,NA,0.649842162147376,-0.151826894613068,-0.000952592217340172,-0.958847566023879,-0.188078920291844,-1.16205354773268,-0.336557325727269
"Kailahun",53,"SLE","IN",756,409182,0.831478256629282,2.54482284549641,0.432006700162639,-0.0797714933139372,0.165175373376577,-0.206796796488429,-0.327553426461723,-0.107231939144109,-0.0713927339166605,-0.546237563515087,-0.459462304866223,-0.485105588936614,-0.126246316757162,-0.125988157669742,-0.206865434791334,0.281810111663393,-0.300822675962276,-0.281112938093259,-0.290958840783692,-0.391703739601521,0,0,3.67174021631573,0.120561932084991,0,-0.495866624988983,-0.594943913360384,0.595359735865602,0.306937000942296,0.624381276800126,0.977932357593632,1.23032610500024,0.932815407092074,0.0628191612547484,-0.465433633852811,-0.559634438051988,-0.08600944248548,0.962991006938981,1.54870295614073,0.583929524505205,-0.0443496932529843,0.161587384401685,0.273344523460607,-0.0055619490219345,0.057088613343324,0.125554924073975,0.162541573522515,0.79694285945152,0.455829367645366,0.152997198843702,-0.470697785758296,-0.501214657175897,-0.112791693591137,-0.23131278335526,-0.944570826733807,0.486238353766469,-1.02945588512824,2.17794379940694,0.0784522285185906
"Kambia",54,"SLE","IN",326,302083,0.0970581597967332,1.72792462692887,-0.00656829710927023,1.68176278594663,1.71027376280991,1.8800384407847,1.17757580599677,-0.106095054273456,2.22721385603787,-0.209437291198269,-0.102582374276551,-0.485105588936614,-0.126246316757162,-0.125988157669742,-0.206865434791334,-0.308327995164239,-0.300822675962276,-0.281112938093259,-0.290958840783692,-0.391703739601521,0,0,-0.319061444149987,-0.259402814528728,0,-0.494868044782701,-0.437637720293109,-0.707913243106912,-0.65943288892821,-0.801889543983554,-0.840508518496299,-0.658902071179738,-0.000679017467674864,0.489649934816654,1.29955245524,1.40477092699292,0.921250133274837,0.783762346019028,0.138123396165986,-0.512197700077983,-0.697307527361185,-0.940676031854088,-1.01071842164858,-1.02689928582482,-1.00077506428456,-0.818514264640031,-1.1025952527216,-0.62530870544934,-0.92653637167431,-0.719450323167146,-0.616578130195177,-0.467173052068963,-1.18273218668946,1.21559946452591,-0.062145102102073,0.858918853969017,0.339377567591184,2.04081816364157,0.570959525687188
"Kangaba",71,"MLI","OUT",0,103684,-0.459734750825152,-0.510981601737721,-0.81902070921162,-0.844456046298495,-0.953439904571895,-0.76783155608336,-0.242863053323661,-0.19383861687706,NA,NA,NA,NA,NA,NA,NA,NA,NA,NA,NA,NA,NA,NA,NA,NA,NA,-0.00429987943577993,-0.217688440044378,-0.526343012838829,NA,NA,NA,NA,NA,NA,NA,NA,NA,NA,NA,NA,NA,NA,NA,NA,NA,NA,NA,NA,NA,NA,NA,NA,0.370600800492126,0.954800956024016,1.3836192235427,-1.32483354017686,0.880863022146577,-1.20461461918142,-0.353740590976945
"Kankan",15,"GIN","IN",38,374445,-0.394832509709718,-0.389959643431419,0.289757195683285,-0.59893085780458,-0.781141327857356,-0.760647736229514,-0.293006871855428,-0.193780650655164,-0.509155558152468,2.55352474819906,-0.459462304866223,-0.485105588936614,-0.126246316757162,-0.125988157669742,-0.206865434791334,-0.308327995164239,-0.300822675962276,-0.281112938093259,-0.290958840783692,-0.391703739601521,0,0,-0.319061444149987,-0.259402814528728,0,-0.0224570201741586,-0.236137753552683,-0.53312184712502,-0.596390335548033,-0.594657223199644,-0.401814639233406,-0.199560176953055,-0.708968673981861,-0.989582333155968,-0.692356236319553,-0.676704498195662,-1.00856016738298,-1.40579871179015,-1.18611330037755,-0.808909681773087,1.50381785809825,1.38206750402591,1.15025613574158,1.13885816014483,1.21761166979756,1.32682360951554,1.73318475800229,1.73163771392583,1.49223214629197,1.33940513171684,1.4531434192388,1.41531552329571,0.664355597521698,-0.188386825945274,0.402179271111184,-0.727150450304692,-0.0237965542648175,-0.0384277077548003,-0.300350411913061
"Kati",72,"MLI","OUT",0,1076713,-0.459734750825152,-0.510981601737721,3.16557476806164,-0.0872202260033804,-0.558959849125326,0.133451438802814,0.704320337547472,-0.146152691740909,NA,NA,NA,NA,NA,NA,NA,NA,NA,NA,NA,NA,NA,NA,NA,NA,NA,-0.571952225385721,-0.71253617110539,-0.935956584720701,NA,NA,NA,NA,NA,NA,NA,NA,NA,NA,NA,NA,NA,NA,NA,NA,NA,NA,NA,NA,NA,NA,NA,NA,0.446720330790196,0.971643662016555,1.65075895926383,-1.50286593183134,1.17130307270702,-1.20461461918142,-0.364343590083051
"Kedougou",64,"SEN","OUT",0,70072,-0.459734750825152,-0.510981601737721,-0.956663290452373,-0.948419590645444,-0.747987287850938,-0.883232635599649,-0.553757099801234,-0.206776748595872,NA,NA,NA,NA,NA,NA,NA,NA,NA,NA,NA,NA,NA,NA,NA,NA,NA,0.917268600291746,1.57738622917809,0.901122524108132,NA,NA,NA,NA,NA,NA,NA,NA,NA,NA,NA,NA,NA,NA,NA,NA,NA,NA,NA,NA,NA,NA,NA,NA,-0.769324535336,1.7640881705937,1.78048355136935,-1.34799095961017,1.23086802079344,-1.22153400817115,-0.336492382319695
"Kenema",55,"SLE","IN",553,563021,0.484763652775776,1.75818011650545,1.06198400158761,0.200376838244496,0.0110675645582007,0.165906476120617,0.440808206337143,-0.11660320408628,-0.485098506972046,-0.546237563515087,-0.459462304866223,-0.485105588936614,-0.126246316757162,-0.125988157669742,-0.206865434791334,0.253048684681414,-0.300822675962276,-0.249438415251209,-0.290958840783692,-0.391703739601521,0,0,4.22474637735735,0.287807577679323,0,-0.677744597545383,-0.533550331773605,0.384002263520163,0.193338528932679,0.351543664090112,0.672809121720333,1.0438645442159,1.07112979228865,0.575562701837995,-0.0999615268752879,-0.134652522259972,0.460346630286383,1.28125966373261,1.59475072799382,0.572171395054037,-0.303882105675519,-0.0375092031341486,0.231093856737934,-0.107767324192958,-0.127933538455732,-0.109215181862802,-0.22773161140224,0.507297754153319,0.0688816516229606,-0.0439554338860682,-0.617498241550167,-0.66992198426618,-0.40604676101363,-0.20882344618959,-0.945568602754865,0.653166783664436,-0.806894053753598,1.71469751700493,0.07734649688454
"Kenieba",69,"MLI","OUT",0,195927,-0.459734750825152,-0.510981601737721,-0.441281668946513,-1.13493130972291,-0.957668745973684,-1.18656244213012,-0.755384811031593,-0.203311413288624,NA,NA,NA,NA,NA,NA,NA,NA,NA,NA,NA,NA,NA,NA,NA,NA,NA,1.30609605727931,1.8656470191974,1.21794767956628,NA,NA,NA,NA,NA,NA,NA,NA,NA,NA,NA,NA,NA,NA,NA,NA,NA,NA,NA,NA,NA,NA,NA,NA,-0.0548670137166768,1.13324942470001,1.50325966545713,-1.3016043327835,1.2182579540336,-1.2164938727842,-0.347046267393299
"Kerouane",16,"GIN","IN",176,259648,-0.159134897237877,-0.208426705971965,-0.180341441669289,-0.576747161357229,-0.693059808936499,-0.627350640312165,-0.192214189345688,-0.187061061507656,-0.509155558152468,2.40826695389699,-0.459462304866223,-0.485105588936614,-0.126246316757162,-0.125988157669742,-0.206865434791334,-0.308327995164239,-0.300822675962276,0.0489859948554161,-0.290958840783692,-0.391703739601521,0,0,-0.319061444149987,-0.259402814528728,0,-0.196614051673617,-0.25248488526098,-0.404751363290045,-0.29139979491762,0.00317118993201344,0.163997633674989,0.674304660216939,-0.212749444523222,-0.693968863678236,-0.547080595440774,-0.459039057466295,-0.600079841284164,-0.965807043726003,-0.575310798890701,-0.446103655647382,1.33370934541832,1.15423427522824,0.836601807730882,0.796462213914535,0.901211870186806,1.10953868231676,1.54208264736354,1.70289014977909,1.39674915354856,0.977159410910138,0.961933345001603,1.05036454207451,1.68426640342762,-1.37663038674139,-0.321843092914675,-0.294153717462444,-0.635408642146229,-0.0543568449181107,-0.21107486006586
"Kindia",17,"GIN","IN",132,466987,-0.234284860634696,-0.45047062258457,0.668720653769141,1.42677944175856,1.41400120778094,1.09397364792305,0.270870668846593,-0.158363301845668,-0.509155558152468,-0.546237563515087,3.01854616271911,-0.433648640558417,-0.126246316757162,-0.125988157669742,-0.206865434791334,-0.308327995164239,-0.300822675962276,-0.281112938093259,-0.290958840783692,-0.391703739601521,0,0,-0.319061444149987,-0.259402814528728,0,-0.467237829190704,-0.598375563608001,-0.282298566581593,-0.696424368016084,-0.831171201005379,-0.816023839446393,-0.726436617777977,-0.234428066470793,-0.270264262718048,0.287937485515366,0.451497426833915,-0.0261761191548411,0.159619499043394,-0.588596628166558,-0.720521425469418,-0.0177911990229018,-0.133535012827859,-0.171443019788408,-0.135696359229677,-0.280459805982234,-0.230553571055194,-0.479953683948575,-0.792137660516188,-0.385832028132568,-0.175685478247317,-0.0377142563556245,0.165068583439237,0.148430626499634,0.296700260098878,0.158408385044192,0.142524518128556,0.410812405537288,0.833716704250633,0.0179698809358417
"Kissidougou",18,"GIN","IN",138,275182,-0.224037138353311,0.0336172106406395,-0.116729045590691,-0.452581237981132,-0.0391831564878086,-0.662470951936286,-0.773568230600793,-0.168812078115643,0.977392553392013,0.859100556732561,-0.459462304866223,-0.485105588936614,-0.126246316757162,-0.125988157669742,-0.206865434791334,-0.308327995164239,-0.300822675962276,0.544629145249859,-0.290958840783692,-0.391703739601521,0,0,-0.319061444149987,-0.259402814528728,0,-0.740074405277281,-0.913745619997589,-0.260613285878367,-0.211982120634831,0.00064155291715741,0.118370893061796,0.735127179979728,0.276400145006791,-0.465453647395022,-0.700712755342389,-0.617310314457626,-0.641800180950302,-0.122230328791394,-0.166145587865511,-0.313707320966127,1.01656205048637,0.986588957893177,0.858591364908606,0.756968336032832,0.725810000293664,0.851828648227991,1.10697532146913,1.32201966905866,1.14876095715662,0.908949975405247,0.644853541213452,0.756192544556294,1.18272389166292,-0.934166036211202,0.137412778470125,-0.147121788461803,-0.695928951696985,-0.0573743054880001,-0.132422836453642
"Kita",70,"MLI","OUT",0,451019,-0.459734750825152,-0.510981601737721,0.603331009081162,-0.857365973859466,-0.631116784022717,-0.876659375398291,-0.73552761951762,-0.203762604169929,NA,NA,NA,NA,NA,NA,NA,NA,NA,NA,NA,NA,NA,NA,NA,NA,NA,0.935776881736296,0.824404146234187,0.333211372577776,NA,NA,NA,NA,NA,NA,NA,NA,NA,NA,NA,NA,NA,NA,NA,NA,NA,NA,NA,NA,NA,NA,NA,NA,0.14241545102947,1.09808061785538,2.15207652439036,-1.56462888956533,1.40004844590597,-1.20191055087694,-0.359690052792503
"Koinadugu",56,"SLE","IN",185,299798,-0.1437633138158,-0.17817121639539,-0.0159254700872281,0.0330268392314557,0.0818945200876804,0.174329496438574,0.157614631233635,-0.190937685279118,0.335010304453443,0.801347750590009,-0.0380113773545757,-0.485105588936614,-0.126246316757162,-0.125988157669742,-0.206865434791334,1.06211815464727,-0.300822675962276,-0.281112938093259,-0.290958840783692,-0.391703739601521,0,0,-0.319061444149987,-0.259402814528728,0,0.00556704419723847,0.0602301498211114,0.549283547243948,-0.434103296862583,-0.419456344233218,-0.289241829723313,0.205339794357476,0.196294779186835,-0.179076265524712,-0.503160017781719,-0.389476978550386,-0.258106128794137,0.536489714289583,-0.0319550296841327,-0.572714922144015,0.79132933704601,0.770673974033833,0.729860102352369,0.564656443464195,0.187311121550563,0.245861770361566,0.159202105570964,0.538585610930063,0.39959779978169,0.581860742904063,0.347505349280746,0.687412575285137,0.720719676919847,-0.718291388116113,-0.216585648386386,-0.0594336773800861,-0.397116833171135,2.23860153280244,-0.0570923203955428
"Kono",57,"SLE","IN",568,324103,0.510382958479237,0.668982491748727,0.0836045470809411,-0.437288745612694,0.0279182770870187,-0.722937021067269,-0.926607918748851,-0.151190216085131,-0.467262903783801,-0.424449008902983,-0.459462304866223,-0.485105588936614,-0.126246316757162,-0.125988157669742,-0.206865434791334,5.79378683569365,-0.300822675962276,-0.281112938093259,-0.290958840783692,-0.391703739601521,0,0,-0.0639835150505185,-0.259402814528728,0,-0.637037756226171,-0.816811467369694,0.621356196679,0.023585097719657,0.229868054339568,0.448961307881916,0.861820691253646,0.758206681087382,-0.00756857870689039,-0.534997862236239,-0.482877529941059,-0.156105556288807,0.970950939349983,1.10656066281298,0.137165256428233,0.439650500535832,0.529826024391588,0.616625025432001,0.357947840922214,0.200402640353345,0.301036508437703,0.228513008358037,0.852603835630773,0.53659451119818,0.405850172761941,-0.0701370274846841,0.0916147422509935,0.590354882421121,-0.631893477834664,-0.66759278332602,0.394112290359394,-0.827184081785536,2.11076168557571,-0.0050224637264151
"Koubia",19,"GIN","IN",0,111176,-0.459734750825152,-0.510981601737721,-0.788340647963979,-1.0784222528827,-0.740785493534188,-0.943377692800881,-0.778962708861438,-0.182910106434188,-0.509155558152468,-0.523477583539424,-0.137806965453967,2.31868181692164,-0.126246316757162,-0.125988157669742,-0.206865434791334,-0.308327995164239,-0.300822675962276,-0.281112938093259,-0.290958840783692,-0.391703739601521,0,0,-0.319061444149987,-0.259402814528728,0,0.0739537043601599,0.00352254106298373,-0.361546631471422,-0.793253044611781,-0.887987599292151,-1.06416266877656,-1.29803662738163,-1.65673445924966,-1.33786509464126,-0.574147118502448,-0.486726102084772,-1.08128656889378,-1.6414896466211,-1.54591986177496,-0.933162512245932,0.94095647950919,1.09542706768266,1.24597251879574,1.36521082195513,1.34399215132308,1.28134537886788,0.962809211535103,-1.15438970470364,1.00587437194457,1.28461297105123,1.61672943821244,1.43152272309801,1.48241408688895,-0.906614715199825,1.1546233248859,-0.93201822447743,0.855978166631817,-0.0196670592479903,-0.299137831105066
"Koundara",20,"GIN","IN",0,108639,-0.459734750825152,-0.510981601737721,-0.798729771747383,-0.481588795094639,-0.317877717553403,-0.606497169671212,-0.450847323660367,-0.194761500566904,-0.490386122593469,-0.546237563515087,-0.459462304866223,0.944903798271136,-0.126246316757162,7.81126577552403,-0.206865434791334,-0.308327995164239,-0.300822675962276,-0.281112938093259,-0.290958840783692,-0.391703739601521,0,0,-0.319061444149987,-0.259402814528728,0,0.655910014705278,0.582650738768181,0.103020023910547,-0.797735853829655,-0.924173738927703,-1.11724709386363,-1.58298349299021,-2.08980536829713,-1.47784843286461,-0.691399648385879,-0.575621973753127,-0.961322665671942,-1.26795925985237,-1.39589273886331,-0.964157833484439,1.23955622149229,1.45622578700157,1.70293127525012,1.97743953542466,2.14498931791484,1.68222773925684,1.04644748928538,-1.49041518458942,1.05220278412741,1.48948098941217,1.756587193601,1.48709997222486,-0.878936910195354,1.10547790759456,1.53196785419395,-1.01819688439554,1.09569976351503,-0.0196670592479903,-0.333257623494598
"Kouroussa",21,"GIN","IN",22,197242,-0.422159769126743,-0.45047062258457,-0.435896687560948,-0.653679680599743,-0.608163529672775,-0.789701381772361,-0.46194219962087,-0.203969989136863,-0.509155558152468,2.38771622411708,-0.270290576716223,-0.485105588936614,-0.126246316757162,-0.125988157669742,-0.206865434791334,-0.308327995164239,-0.300822675962276,-0.281112938093259,-0.290958840783692,-0.391703739601521,0,0,-0.319061444149987,-0.259402814528728,0,-0.175535318107957,-0.364056524183915,-0.585845626316256,-0.709207996866898,-0.740603141281621,-0.62721763076105,-0.585965433578504,-0.8729903734235,-1.15698961461384,-0.838934784421919,-0.732297179039957,-1.01657497527242,-1.11789198000892,-1.35214241618653,-0.856972973296921,1.23379175975191,1.25349313958667,1.23203556101129,1.24786583196565,1.19442587344979,1.16914508322799,1.33662168444066,1.11884261953245,1.24281118168279,1.39147884269737,1.43456879169403,1.3376228354002,0.609798725032324,-0.046024305152537,0.800504333388842,-0.865685206682151,0.261682587621473,-0.025357931195979,-0.288626759207305
"Labe",22,"GIN","IN",0,313715,-0.459734750825152,-0.510981601737721,0.0410652416564218,-0.560907412887952,-0.473205863549128,-0.34679724543714,0.0442648149601559,-0.0513444490215651,-0.509155558152468,-0.546237563515087,-0.459462304866223,2.62432189369945,-0.126246316757162,-0.125988157669742,-0.206865434791334,-0.308327995164239,-0.300822675962276,-0.281112938093259,-0.290958840783692,-0.391703739601521,0,0,-0.319061444149987,-0.259402814528728,0,-1.12452289734746,-1.27755421317455,-1.38920431652629,-0.723769502145664,-0.844869249891666,-0.978363419971015,-1.02711908172523,-0.857878578944485,-0.905503793039591,-0.449280926727695,-0.510320975303281,-1.00184423446016,-1.24840748785093,-1.11023044787364,-0.859301323890886,0.755340297393103,0.825880861837556,0.891871526718884,0.971785491483914,0.937255241787077,0.966366506347429,0.680529583457978,-1.21722368095052,0.730992118497074,0.842098396225245,1.02491025811495,1.04839366633715,2.91941534891982,-2.97226019958147,0.592257637473216,-0.641881000624849,0.486581644611743,-0.0196670592479903,-0.274141817159973
"Lelouma",23,"GIN","IN",0,144433,-0.459734750825152,-0.510981601737721,-0.652151806945184,-0.651814647991233,-0.421464224947527,-0.427586156874707,-0.126998807259372,-0.158992776862064,-0.509155558152468,-0.546237563515087,-0.459462304866223,2.62432189369945,-0.126246316757162,-0.125988157669742,-0.206865434791334,-0.308327995164239,-0.300822675962276,-0.281112938093259,-0.290958840783692,-0.391703739601521,0,0,-0.319061444149987,-0.259402814528728,0,-0.289093930421444,-0.420381386623867,-0.701595053684508,-0.741513955452287,-0.867918849164174,-1.00218583010345,-1.10153136001051,-0.984864365514542,-0.878086977968231,-0.346689408327122,-0.303241113216053,-0.664958084071744,-0.811999539546244,-0.702517537723328,-0.867379889275653,0.755340232830977,0.841674624731888,0.917164365115156,1.03227193498698,1.06514030276093,0.991421404215124,0.602118428071807,-1.58261736092504,0.665360129892251,0.801124649964989,1.0193895528859,1.03065626006466,1.55247347652247,-1.28989444397619,0.720879284317658,-0.501727132910726,0.600552525066785,-0.0196670592479903,-0.280199094255871
"Lofa",42,"LBR","IN",511,287555,0.413029596806085,-0.117660237242238,-0.0660610800518402,0.122793041887635,0.291198623772608,-0.153504688879477,-0.361880850874895,-0.186332693971664,-0.270997638483922,-0.546237563515087,-0.459462304866223,-0.485105588936614,-0.126246316757162,-0.125988157669742,-0.206865434791334,-0.308327995164239,-0.293119919305488,5.7660061024966,-0.290958840783692,-0.391703739601521,0,0,0.0593980347630405,-0.259402814528728,0,0.386979060506851,0.381150870961751,0.206448102972964,0.682089257975133,1.08408769515108,1.39647020538161,1.46801449449659,0.691182640529901,-0.134415295753564,-0.487687585829329,-0.48161778262098,-0.0674068231847797,0.428197934851442,1.01780975424604,0.60169937720302,0.327616181473354,0.344347873729973,0.273037993451313,0.155480481282604,0.323407113803574,0.436629064057059,0.729318617495076,1.16773832005047,0.792763492257561,0.374999439249761,-0.123395510882642,-0.097445740310693,0.709923826775704,-0.811177233257498,-1.08752102005757,0.357695962804738,-1.16663722544911,0.44118853408346,-0.0823362863590214
"Lola",24,"GIN","IN",118,214082,-0.258196212624592,-0.45047062258457,-0.366936165482694,-0.113048299133075,-0.157791725169213,-0.235189788824153,-0.203412749654058,-0.164592787226899,-0.509155558152468,1.85694236430183,-0.459462304866223,-0.485105588936614,-0.126246316757162,-0.125988157669742,1.25709529096036,0.429359463051747,-0.252028553259633,-0.281112938093259,-0.290958840783692,-0.391703739601521,0,0,-0.319061444149987,-0.259402814528728,0,-0.367597707370112,-0.562284493031621,-0.807912884812707,-0.0424399866307716,0.753378570024576,0.97568235484883,1.09113329597104,-0.486055200592373,-1.0981217200175,-0.925139490655049,-0.848999269339325,-0.920047374873324,-1.29328915805353,-0.740549500459955,-0.191557609541371,1.17747724320682,0.704390726630758,0.232309854546769,0.114050262796269,0.317264836096999,0.475175429434126,0.917773149636471,1.23939856673663,0.835528251201941,0.435514364594463,0.33354864221912,0.588584375463196,1.15749010297306,-1.43286297024084,-0.783883385493485,-0.494577192633593,-0.974738436270173,0.00430479038698267,-0.257910094310188
"Macenta",25,"GIN","IN",787,495845,0.884424821749768,0.699237981325302,0.786895401164287,-0.00306534857726964,0.310554686259048,-0.23789205905768,-0.512736588027581,-0.149194431263005,-0.509155558152468,0.31433720302498,-0.459462304866223,-0.485105588936614,-0.126246316757162,-0.125988157669742,-0.206865434791334,-0.308327995164239,0.0222933415750821,4.39308389949609,-0.290958840783692,-0.391703739601521,0,0,-0.319061444149987,-0.259402814528728,0,-0.808812883178294,-0.484122145029351,-0.642951817274653,0.285999508132013,1.00343896310717,1.11059459760835,1.62790093007349,0.348019931919827,-0.486394178918276,-0.419073959186141,-0.21927445437594,-0.0543366341640423,-0.177999896944699,0.334777518241879,0.277031270529036,0.886920747778967,0.726082846180018,0.477287559484341,0.40007929483047,0.574891781575297,0.750985643251453,1.14190440955841,1.4493631540276,1.12310547802152,0.63366749624499,0.353785027207814,0.467684945698936,1.49837462191987,-1.75676602132162,-0.996956049146422,0.275184996356614,-1.0257237065921,-0.0720390260204101,-0.189918977348045
"Mali",26,"GIN","IN",5,208339,-0.451194982257332,-0.510981601737721,-0.390453996735391,-0.959362620231047,-0.713795269738894,-1.03789924686635,-0.697219217456027,-0.190210998375384,-0.509155558152468,-0.403042865615774,0.289146967265372,1.8224807287341,-0.126246316757162,-0.125988157669742,-0.206865434791334,-0.308327995164239,-0.300822675962276,-0.281112938093259,-0.290958840783692,-0.391703739601521,0,0,-0.319061444149987,-0.259402814528728,0,1.1024084126045,0.885317601136586,0.34581416258763,-0.78644581569707,-0.902791720503512,-1.08561247989002,-1.4166117619488,-1.79619277598235,-1.31991504669634,-0.610200129482527,-0.552771367175536,-1.02117964784814,-1.55209776250707,-1.46885866787717,-0.949942484986469,1.00492067995702,1.18231200667089,1.36306929917797,1.51411862013142,1.61930893774406,1.51360258757191,1.05806391500823,-1.9123443071194,1.13593717125829,1.41117582710665,1.68494066467949,1.48000501255386,0.812029811992915,-0.0848330498625129,1.2686752172425,-0.978783084752584,0.95701700754767,-0.0210916619148474,-0.320272432761876
"Mamou",27,"GIN","IN",0,371426,-0.459734750825152,-0.510981601737721,0.27739426123232,0.603516202539988,-0.406952938746308,0.976269818849322,1.45018567234897,-0.177239739121578,-0.426445190524992,0.121572491830488,0.115974636730333,1.37419781169532,-0.126246316757162,-0.125988157669742,-0.206865434791334,-0.308327995164239,-0.300822675962276,-0.281112938093259,-0.290958840783692,-0.391703739601521,0,0,-0.319061444149987,-0.259402814528728,0,-0.0890175600577034,0.317190294407534,-0.0526995650373823,-0.699114053277839,-0.730903705500824,-0.705071217914829,-0.512015511259129,-0.49621661378771,-0.913642340066078,-0.50785374653218,-0.411369171671829,-0.803619884681025,-0.667608582217723,-1.05139904274951,-0.836219701909204,0.731129459626275,0.714973875706004,0.687841978776559,0.649891955507561,0.380799460690261,0.439492547469963,0.300671637436863,-0.315691674767064,0.400516053589612,0.607183072383523,0.68041849208319,0.888756651588211,1.55016623825809,-1.15098984662274,0.273832649150318,-0.546514575479493,0.119598304267914,0.931171039841896,-0.16848632328949
"Mandiana",28,"GIN","IN",0,252272,-0.459734750825152,-0.510981601737721,-0.210546477942995,-0.736101949129951,-0.953439904571895,-0.796308733861088,-0.18265563487996,-0.193530235910069,-0.509155558152468,2.55352474819906,-0.459462304866223,-0.485105588936614,-0.126246316757162,-0.125988157669742,-0.206865434791334,-0.308327995164239,-0.300822675962276,-0.281112938093259,-0.290958840783692,-0.391703739601521,0,0,-0.319061444149987,-0.259402814528728,0,-0.412374145692552,-0.604596772939822,-0.724301367129521,-0.720033829129827,-0.792688608005423,-0.730757684457214,-0.753254339128791,-1.23933563254252,-1.35240353704088,-0.751805778041895,-0.741982400337574,-1.56028610964701,-1.94374951200229,-1.59620545993512,-0.919313540267718,1.51467896304849,1.43401888902311,1.2452060622493,1.22998874054047,1.38868106623728,1.55467413092482,1.89233650866174,1.83507071129571,1.61544447102667,1.707510042023,1.81922199992641,1.57460484495541,0.4759342557774,0.352551313818838,0.736665682856168,-1.05715179831512,0.455983246822078,-0.0196670592479903,-0.312566025379793
"Margibi",43,"LBR","IN",878,335736,1.0398486096841,0.124383679370366,0.131242180889512,-0.801709427857281,-0.575651913466334,-0.867360689662895,-0.642374174169447,-0.079805095866588,-0.509155558152468,-0.546237563515087,-0.459462304866223,-0.485105588936614,-0.126246316757162,-0.125988157669742,-0.206865434791334,-0.308327995164239,3.01407546225365,-0.281112938093259,-0.290958840783692,1.2353180615692,0,0,-0.319061444149987,-0.259402814528728,0,-0.981096066362226,-1.1420205162938,-1.0610693301568,1.19049670240466,0.874913203566129,1.06631282313676,0.993590541435154,1.02405496954313,1.53167706588771,0.222427687597171,0.126971308008465,1.61616096527535,0.941880485715776,0.915521696203453,1.0817217303943,-0.893299775312095,-0.729424571537748,-0.629317223289653,-0.64820124359249,-0.470817054256973,-0.485809135934617,-0.0587743626786546,0.476563682261588,-0.292645573313579,-0.545150028048675,-0.871056196655792,-1.04209172831907,-0.872538886733921,-0.0192530345822477,-1.02757482162318,0.901036152111054,-0.831087250374146,-0.590389620483128,0.194146113763031
"Maryland",44,"LBR","IN",7,132024,-0.447779074830204,-0.510981601737721,-0.70296719402767,-0.684881894612694,-0.515931314657215,-0.776305748210995,-0.383317915165977,-0.149656638919291,-0.509155558152468,-0.546237563515087,-0.459462304866223,-0.485105588936614,-0.126246316757162,-0.125988157669742,-0.206865434791334,-0.308327995164239,-0.300822675962276,-0.281112938093259,-0.290958840783692,3.71154754152625,0,0,-0.319061444149987,-0.259402814528728,0,0.372500462203084,0.137084239358904,1.47779084386252,3.35766221068123,2.74832661995446,1.66917088007581,1.09918662440733,1.97337230385448,1.19105866072055,-1.24704185765999,-1.68577509623298,-1.50598233128759,-0.420269124605251,1.6166311598332,3.39716953138973,-1.84956213801493,-1.88127986629522,-1.81447141562304,-1.49676566844843,-2.08207942077258,-2.50794691230137,-1.97382889234104,-1.1352661946991,-2.36786572266668,-2.32197277734719,-1.63238706997662,-1.67331984934521,-0.995528082134451,-0.667569923144716,-0.63511608366352,0.939637532658359,-2.0592362429283,-0.500040265009009,-0.356824622782728
"Montserrado",45,"LBR","IN",2925,1016221,4.53602986134974,1.51613619989284,2.91785743423992,-0.791890324619567,-0.607492747415375,-0.818365695696221,-0.447120857102948,0.43404018791352,-0.509155558152468,-0.546237563515087,-0.459462304866223,-0.485105588936614,-0.126246316757162,-0.125988157669742,-0.206865434791334,-0.308327995164239,0.0558974073110798,-0.281112938093259,-0.290958840783692,2.44678067653196,0,0,-0.319061444149987,2.4546627650776,0,-1.37109843089754,-1.49781182356807,-1.47674712051647,1.15901031317672,0.804996878759524,0.964464804025687,0.954048411268776,1.15327883714185,1.89497674543606,0.511063289567137,0.355506968758815,2.01478808894712,1.22387666972689,1.13069860116278,1.23255307524182,-1.07391987376538,-0.858782687788519,-0.710013767411603,-0.72183697157203,-0.534982296368708,-0.565576564601708,-0.190704250620794,0.394606295998264,-0.41177598057643,-0.605634903368068,-0.940459216114625,-1.1865252886685,-1.0474506214222,-0.0956958898112254,-1.11453244019746,1.6221115427199,-0.634095073995391,-0.95701828461288,-0.165939495914213
"Moyamba",58,"SLE","IN",317,263788,0.0816865763746566,0.184894658523517,-0.163387964151239,0.851298214001218,0.411119001986879,1.39161584938543,1.23250305925791,-0.175080505835913,1.13960911875419,-0.546237563515087,-0.459462304866223,-0.485105588936614,-0.126246316757162,-0.125988157669742,-0.206865434791334,-0.308327995164239,-0.300822675962276,-0.281112938093259,-0.290958840783692,-0.391703739601521,0,0,2.45888671910318,-0.259402814528728,0,-0.594801751840884,-0.758719168138561,-0.662674446785596,-0.58021287709152,-0.428144357694832,-0.655403775391143,-0.305430619776763,1.59050405262934,0.827923628434742,1.20009284466833,1.29443895092174,0.499896173666729,1.07841025310037,0.547549602981511,-0.0651993309397256,-0.70115055162141,-0.631152557816734,-0.537780900678103,-0.693284365798695,-0.877197437744991,-0.723066135300678,-1.19884586295674,-0.116652120327908,-0.747105618748604,-0.802698330303499,-0.709115563377403,-0.504900308218025,-1.17924057384241,0.232165136251304,-0.830051417387016,0.912574236295406,-0.0663279075568226,1.82772797755175,0.247973997215105
"Nimba",46,"LBR","IN",282,483036,0.0219081963999143,-0.359704153854843,0.734441996930299,-0.294595981200284,-0.32977199940983,-0.192815584359884,0.353747746866983,-0.172500688910833,-0.509155558152468,-0.546237563515087,-0.459462304866223,-0.485105588936614,-0.126246316757162,-0.125988157669742,7.10739567929216,-0.308327995164239,0.167965314556667,-0.281112938093259,2.20971544301583,-0.391703739601521,0,0,-0.319061444149987,-0.259402814528728,0,0.635806004695298,0.385899425039439,0.032775984841173,0.694333958504953,1.22936372052497,1.57227378863535,1.03609682051049,0.203038781466626,-0.196634662471482,-0.900493560945975,-0.983720623477165,-0.26669862283962,-0.430576273164977,-0.0988169432823819,0.404362515455932,0.0301372501106735,-0.18959689265297,-0.381205684551207,-0.450085978124493,-0.329118567249313,-0.37229410582499,0.0880906191072861,0.581287139921287,-0.0643126056750711,-0.298333079055614,-0.490215408625409,-0.396223246056993,-0.0495922442512407,-0.428058638930135,-1.12999830325504,-0.138408025924178,-1.15322260694767,-0.464726766722409,-0.292605970411227
"Nzerekore",29,"GIN","IN",269,372266,-0.000295201876418521,-0.238682195548541,0.280834097250476,0.210744209030159,0.544263919228751,-0.184539736794241,-0.623968949148497,-0.115417429244983,-0.509155558152468,-0.42646813517735,-0.459462304866223,-0.485105588936614,-0.126246316757162,-0.125988157669742,1.87106509910425,-0.308327995164239,4.12636618369649,-0.256102122996005,-0.290958840783692,-0.391703739601521,0,0,-0.319061444149987,-0.259402814528728,0,-0.710141310196129,-0.885977072132402,-1.07508788520967,0.0938094908916838,0.93195535128972,1.28885740769161,1.368427959961,-0.136722033227325,-0.967531260913136,-0.824393938644549,-0.703274349809686,-0.648988534863052,-0.813197337662621,-0.314161054830342,0.00348027678710246,0.905216649664348,0.588222970034588,0.241482040179683,0.136245100468038,0.336596631230935,0.489807297434076,0.919496341633762,1.25515960085431,0.858947035787508,0.414802450618963,0.195227796938028,0.381972300632766,1.01090794860256,-1.48894343274704,-0.851539582602506,-0.247459696238814,-1.06161938219394,-0.0108150439658436,-0.255866989686762
"Pita",30,"GIN","IN",8,263471,-0.44607112111664,-0.510981601737721,-0.164686092743804,0.748370998361066,0.161526487581554,0.868610587884679,0.888764308283687,-0.152514156557047,-0.509155558152468,-0.546237563515087,-0.379116480203994,2.55367940773151,-0.126246316757162,-0.125988157669742,-0.206865434791334,-0.308327995164239,-0.300822675962276,-0.281112938093259,-0.290958840783692,-0.391703739601521,0,0,-0.319061444149987,-0.259402814528728,0,-0.608797793121989,-0.657805996439137,-0.842227579215884,-0.724018548044433,-0.83904619222504,-0.898736783590359,-0.844485139248687,-0.478680465022014,-0.646819437374923,-0.134414277131068,-0.00209462768045131,-0.41628178707232,-0.381324071759639,-0.484076086830522,-0.821975044948365,0.467500773967417,0.46508211303703,0.48887090442381,0.546801960320423,0.473126247372779,0.456673173915689,0.154304352366516,-1.12980238703349,0.218290920083256,0.358609969427166,0.555282661471034,0.678272214196816,1.49614586438993,-1.10522802970103,0.331377315114194,-0.270708021602496,0.373701017755659,-0.0210422487255015,-0.227311598298128
"PortLoko",59,"SLE","IN",2208,540439,3.31142704872431,4.02734183474862,0.969509743299541,1.46280130238556,0.385105924890791,2.56668043051153,3.14055251150159,-0.109023212885962,2.92186714941857,-0.546237563515087,-0.459462304866223,-0.485105588936614,-0.126246316757162,-0.125988157669742,-0.206865434791334,-0.308327995164239,-0.300822675962276,-0.281112938093259,-0.290958840783692,-0.391703739601521,0,0,-0.271818883983744,-0.259402814528728,0,-0.846658260325422,-0.837426567710694,-1.03213209382915,-0.599091373748084,-0.716883309192902,-0.803842588946011,-0.525428684244246,0.458567829926985,0.624775617233991,1.29288088839298,1.51436137081427,1.03600748371345,1.00733773184492,0.643303612997007,-0.265444173132247,-0.904108128969904,-1.15623111682767,-1.21060278303246,-1.27147531689011,-1.20871815114224,-0.946772800167834,-1.3058831409277,-0.481314033329603,-1.0372098915815,-0.914644009993717,-0.819003813256185,-0.652184507043882,-1.18485843077713,0.546505827268217,-0.657013245889467,0.807760120457673,0.121348454407517,1.33784682562569,0.463807818845803
"Pujehun",60,"SLE","IN",68,278897,-0.343593898302796,-0.238682195548541,-0.101515961296111,0.970563941644208,1.43267971561692,0.347452250417934,-0.738922787831014,-0.135998333874698,0.956320841221503,-0.546237563515087,-0.459462304866223,-0.485105588936614,-0.126246316757162,-0.125988157669742,-0.206865434791334,1.97907340611811,-0.300822675962276,-0.281112938093259,-0.290958840783692,-0.391703739601521,0,0,0.667265928822654,0.333636904453701,0,-0.649723944701389,-0.742521900182275,-0.29019090049297,0.202055114469804,0.186297090118173,0.382503654664946,0.724334124362214,1.16193696000291,1.56200776394585,0.656871250731216,0.499781951019985,1.07646237819707,1.33816689598398,1.3323612019078,0.743552423353674,-0.929327701540783,-0.525359662706193,-0.216801584947284,-0.511449038488776,-0.485075923752475,-0.544100780900275,-0.696019662404896,0.0804360254659881,-0.527597085159035,-0.469056295208488,-0.870530353436651,-1.06236312761542,-1.1664454622467,0.577530588251452,-0.920792143101692,1.49495319977503,-0.401774768139473,1.88476871094512,-0.0511973669993731
"RiverCess",47,"LBR","IN",48,73960,-0.377752972574077,-0.45047062258457,-0.940741763739769,-0.645416220943309,-0.232552690248191,-0.86830494206809,-0.893398439123191,-0.202110149636037,-0.509155558152468,-0.546237563515087,-0.459462304866223,-0.485105588936614,-0.126246316757162,-0.125988157669742,-0.206865434791334,-0.308327995164239,-0.294610915237614,-0.281112938093259,4.47580510260825,0.733210222960538,0,0,-0.319061444149987,-0.259402814528728,0,0.426938982838291,0.188526873235185,0.146238991713965,1.52297177063795,1.31758434780915,1.26256872395733,0.906787540579078,0.941361096437079,1.09524642912316,-0.400285612024229,-0.535250273171873,0.6173060766071,0.28590521605868,0.661281003439654,1.28436894997749,-0.985531324563451,-0.946024190028684,-0.92560572786917,-0.887141687774535,-0.855808762947014,-0.958277701995828,-0.439628001138322,0.142879796532071,-0.808876921163291,-0.94903251651393,-0.997243613450304,-1.11304154284502,-0.76364701133773,-0.296200882418263,-1.34331259740177,0.907118264730903,-1.29020081505807,-0.503346744111445,-0.262361276169191
"RiverGee",48,"LBR","IN",13,83020,-0.437531352548819,-0.480726112161145,-0.903640675258238,-0.250634014235713,-0.186159845641203,0.171522590161106,-0.309458844760084,-0.20303008444075,-0.509155558152468,-0.546237563515087,-0.459462304866223,-0.485105588936614,-0.126246316757162,-0.125988157669742,-0.206865434791334,-0.308327995164239,-0.300822675962276,-0.281112938093259,1.29781413550709,2.720407703373,0,0,-0.319061444149987,-0.259402814528728,0,1.75225843562747,1.44091071069852,1.89167489196659,2.44657274446823,2.30189225984991,1.70337742146004,1.04030979694541,1.15932579647938,0.564321304084956,-1.25072681466062,-1.58676380311812,-1.1431427235193,-0.392360613593878,0.964196887936637,2.25012284048197,-1.33396186698165,-1.42501682342988,-1.45193945616803,-1.28988426781991,-1.59133353579369,-1.88276137073782,-1.36396535527133,-0.62075551805211,-1.68838194278074,-1.72557952682506,-1.33304239697648,-1.35601654552584,-0.530135852602321,-0.289652698464188,-0.779639882938425,0.676989400336713,-2.06987024711817,-0.502537419943019,-0.352168226790299
"Salemata",65,"SEN","OUT",0,19887,-0.459734750825152,-0.510981601737721,-1.16217301732275,-0.709562961435806,-0.411142820117498,-0.870199327445896,-0.700729421890382,-0.206730550886326,NA,NA,NA,NA,NA,NA,NA,NA,NA,NA,NA,NA,NA,NA,NA,NA,NA,0.579820632856478,1.24514495618912,0.634461462985168,NA,NA,NA,NA,NA,NA,NA,NA,NA,NA,NA,NA,NA,NA,NA,NA,NA,NA,NA,NA,NA,NA,NA,NA,-0.922962737440723,1.60584402843239,1.68687995732101,-1.23514732097681,1.16783508396895,-1.22153400817115,-0.338243471848907
"SanPedro",76,"CIV","OUT",0,185465,-0.459734750825152,-0.510981601737721,-0.48412400754406,1.19799733146757,-0.518700480108214,2.60070709251081,4.1260389057142,-0.181701550425763,NA,NA,NA,NA,NA,NA,NA,NA,NA,NA,NA,NA,NA,NA,NA,NA,NA,2.22604513248775,1.8910313420272,3.24796949061185,NA,NA,NA,NA,NA,NA,NA,NA,NA,NA,NA,NA,NA,NA,NA,NA,NA,NA,NA,NA,NA,NA,NA,NA,-0.833707605167077,-0.269142328865751,-0.955504200238174,-0.135594904367104,-1.72857328243486,-1.21247630902918,-0.363256846363743
"Saraya",66,"SEN","OUT",0,55879,-0.459734750825152,-0.510981601737721,-1.01478423403056,-1.20387820750799,-0.927094004150242,-1.26823164460865,-0.863203156521581,-0.209968554824438,NA,NA,NA,NA,NA,NA,NA,NA,NA,NA,NA,NA,NA,NA,NA,NA,NA,1.5712356404713,2.06871759171112,1.29511723188857,NA,NA,NA,NA,NA,NA,NA,NA,NA,NA,NA,NA,NA,NA,NA,NA,NA,NA,NA,NA,NA,NA,NA,NA,-0.683591834228046,1.90017780435142,1.64561488282332,-1.42889048764288,1.32511283212044,-1.22153400817115,-0.345724148953738
"Siguiri",31,"GIN","IN",38,427947,-0.394832509709718,-0.420215133007994,0.508850179782499,-0.961328841801162,-0.850680560147699,-0.94434827637543,-0.629438816679279,-0.190759070686221,-0.509155558152468,1.93533560114606,0.131329062592069,-0.384430595016535,-0.126246316757162,-0.125988157669742,-0.206865434791334,-0.308327995164239,-0.300822675962276,-0.281112938093259,-0.290958840783692,-0.391703739601521,0,0,-0.319061444149987,-0.259402814528728,0,-0.583038890659548,-0.765539128947786,-0.377638986096692,-0.774685359492631,-0.877065516455885,-0.975019926545079,-1.17141463435943,-1.60721062719128,-1.55459963631492,-0.864699077992746,-0.816940444014693,-1.68866222029002,-2.04808215792745,-1.75552723123503,-0.965256958414194,1.09010687505506,1.19713083371076,1.29374805051661,1.47905407191536,1.64980727602444,1.66791042527634,1.72988193831723,1.49951419770508,1.51171235360472,2.04247249506122,1.95893105413444,1.39788725243845,0.491184344654671,0.439159633701287,1.09186167492407,-1.15894485049164,0.792922365097047,-0.030747957276555,-0.335280412266646
"Sinoe",49,"LBR","IN",33,103789,-0.403372278277538,-0.420215133007994,-0.818590729709351,-0.222545173494982,-0.0318655857841205,-0.515701666349564,-0.555897017485692,-0.205470538138438,-0.509155558152468,-0.546237563515087,-0.459462304866223,-0.485105588936614,-0.126246316757162,-0.125988157669742,-0.206865434791334,-0.308327995164239,-0.300822675962276,-0.281112938093259,1.61058197269897,2.5252906739673,0,0,-0.319061444149987,-0.259402814528728,0,3.61995130100524,3.20581980715981,2.61232080979663,2.14656250355909,1.92588583916829,1.48164114936416,0.945855663618665,1.15728400079328,0.97308077279791,-0.786911930591684,-1.03964785115095,-0.164836286699956,0.0052680828392984,0.906645849875639,1.94064069893531,-1.27519624123594,-1.28746934708143,-1.27067348807528,-1.15087793879523,-1.30763962766766,-1.51664949477936,-0.973569750876157,-0.307886195085611,-1.40452828478857,-1.43486220248991,-1.21176222734501,-1.31448833070415,-0.87436486921026,-0.370579225929674,-1.4142510198638,1.47617767159754,-1.6047974340434,-0.51131680074341,-0.325080960209229
"Tambacounda",68,"SEN","OUT",0,259657,-0.459734750825152,-0.510981601737721,-0.18030458628338,-0.427240530640398,-0.794533104449333,-0.18106353767786,-0.00133576368436501,-0.196496623422387,NA,NA,NA,NA,NA,NA,NA,NA,NA,NA,NA,NA,NA,NA,NA,NA,NA,-0.431190749645721,1.18834689830729,1.21996928346715,NA,NA,NA,NA,NA,NA,NA,NA,NA,NA,NA,NA,NA,NA,NA,NA,NA,NA,NA,NA,NA,NA,NA,NA,-1.13267481292705,1.62316405707632,1.81920547670575,-1.68253468516271,1.46972344628516,-1.2240726515279,-0.361830262885663
"Telimele",32,"GIN","IN",43,258398,-0.386292741141897,-0.510981601737721,-0.185460245267735,-0.147238492263039,-0.241575995511797,0.27307370112163,0.515720557396347,-0.179821201547227,-0.43213126930923,-0.546237563515087,0.27939739523844,1.90551108983831,-0.126246316757162,-0.125988157669742,-0.206865434791334,-0.308327995164239,-0.300822675962276,-0.281112938093259,-0.290958840783692,-0.391703739601521,0,0,-0.319061444149987,-0.259402814528728,0,-0.667411638640059,-0.222860523964923,-0.320175836167396,-0.759088605029085,-0.886210433170301,-0.993794940964164,-1.11915417424403,-0.77362123250279,-0.438535044416942,0.335790699663876,0.542515196173283,0.286233190929372,0.357234460021966,-0.161671266452642,-0.827047005850896,0.22893882618562,0.249649368330425,0.305535531477877,0.490762266599336,0.468816164407945,0.289552185616542,-0.160606937565098,-1.1774867055514,-0.146440284453866,0.00772716786134687,0.308222895397259,0.384045475353037,0.354890124434982,0.0809545259385572,0.444276299138729,0.15274107214984,0.751575710779432,-0.0213067352624564,-0.221688330309809
"Tombali",75,"GNB","OUT",0,102893,-0.459734750825152,-0.510981601737721,-0.822259888128716,0.715273174429222,0.530353889387199,0.554840780778419,0.260719219225691,-0.183730107111273,NA,NA,NA,NA,NA,NA,NA,NA,NA,NA,NA,NA,NA,NA,NA,NA,NA,0.450313470384174,0.219406950982359,1.17635629880658,NA,NA,NA,NA,NA,NA,NA,NA,NA,NA,NA,NA,NA,NA,NA,NA,NA,NA,NA,NA,NA,NA,NA,NA,-1.27709920881756,0.494700651639577,-0.763781896038768,0.168772312371071,1.49815671332417,-1.16828634232239,-0.317330603338918
"Tonkolili",61,"SLE","IN",630,386112,0.616276088720209,0.0638727002172151,0.337534060949734,-0.200144401533634,0.0110675645582007,0.119814257990028,-0.349153464616191,-0.150015953789678,1.46346343743146,-0.321796158074301,-0.459462304866223,-0.485105588936614,-0.126246316757162,-0.125988157669742,-0.206865434791334,1.11677638752467,-0.300822675962276,-0.281112938093259,-0.290958840783692,-0.391703739601521,0,0,0.46313249123349,-0.259402814528728,0,-0.690493610395111,-0.547994673258178,-0.273153979811169,-0.466007974844972,-0.376020734891184,-0.378334522909009,0.186754171004236,0.90590402052816,0.557403473617331,0.254632756748786,0.636019261654923,0.718133601282312,1.545459165331,1.34341843265876,-0.126185059014365,0.313717359876785,0.257306930685391,0.388823376172487,0.161792111322439,-0.218908664267852,-0.0597013466401666,-0.469498924844058,0.412819024278244,0.00518004039625245,0.00896870182484316,-0.16265384151186,0.224587598230763,-0.375544926673665,-0.0407298203713161,-0.718126991119175,0.860805484513247,-0.199776657752627,1.83034345900119,0.749877929363141
"Tonkpi",80,"CIV","OUT",0,946740,-0.459734750825152,-0.510981601737721,2.63332975998106,-0.254654282592635,-0.889738122215928,0.893843463867865,1.65073776090126,-0.129565501045219,NA,NA,NA,NA,NA,NA,NA,NA,NA,NA,NA,NA,NA,NA,NA,NA,NA,-0.242077161673553,-0.443671654165402,0.303063051112548,NA,NA,NA,NA,NA,NA,NA,NA,NA,NA,NA,NA,NA,NA,NA,NA,NA,NA,NA,NA,NA,NA,NA,NA,0.730509618266548,-1.15948735176438,-0.827147861860531,-0.57974510662826,-0.975253582658753,-1.18384373890544,-0.334517667169983
"Tougue",33,"GIN","IN",2,152448,-0.456318843398024,-0.510981601737721,-0.619330038271953,-0.982055378007823,-0.764776801071718,-0.598304424762047,-0.0871969601453233,-0.189591130265941,-0.509155558152468,0.649169030181228,-0.459462304866223,1.42518797903868,-0.126246316757162,-0.125988157669742,-0.206865434791334,-0.308327995164239,-0.300822675962276,-0.281112938093259,-0.290958840783692,-0.391703739601521,0,0,-0.319061444149987,-0.259402814528728,0,-0.241897212327632,-0.0293678762232573,-0.387930757150905,-0.791208254405524,-0.848298869766057,-1.0022010586286,-1.11662333511007,-1.42198005859315,-1.34628209172158,-0.571658361390642,-0.496887343738398,-1.17477903262792,-1.56920119684846,-1.55497624611348,-0.894531166112637,0.931611987330648,1.02205556470126,1.14080715951988,1.21871435288874,1.13950746220246,1.10501749014992,0.897879381405574,-0.614764487912688,0.914680539545001,1.15910444721724,1.46307955447832,1.33312655085644,1.78491712918571,-1.17909994610445,1.19030709349394,-0.901970623214313,0.759498584351746,-0.0210229773149886,-0.299114077593734
"Velingara",67,"SEN","OUT",0,254319,-0.459734750825152,-0.510981601737721,-0.202163925170181,-0.0889066244095394,0.24285200383275,-0.364092225261758,-0.653359653743391,-0.166285004763085,NA,NA,NA,NA,NA,NA,NA,NA,NA,NA,NA,NA,NA,NA,NA,NA,NA,-0.460805825073753,0.944107559459094,0.921388710043464,NA,NA,NA,NA,NA,NA,NA,NA,NA,NA,NA,NA,NA,NA,NA,NA,NA,NA,NA,NA,NA,NA,NA,NA,-1.13327756456491,0.992075173838997,1.86683330409072,-1.46293936763762,1.47234368656125,-1.2240726515279,-0.352403192116303
"WesternRural",62,"SLE","IN",1736,435323,2.50527289592207,2.15150148100093,0.539055216056205,3.33488886826147,3.32371433778115,2.762607476741,1.011698298842,0.609441004983296,2.9527010965677,-0.546237563515087,-0.459462304866223,-0.485105588936614,-0.126246316757162,-0.125988157669742,-0.206865434791334,-0.308327995164239,-0.300822675962276,-0.281112938093259,-0.290958840783692,-0.391703739601521,0,0,-0.319061444149987,-0.259402814528728,0,-1.3196359407215,-1.42548290635668,-1.50787016374106,-0.271752921538025,-0.656313111177265,-0.669733058855818,-0.524717754317446,0.377346483619526,0.838794497210361,1.71345491259791,1.72163079323798,1.19368161975254,0.602832555716159,0.565903157806615,0.212345367119743,-2.02890150667114,-2.22757188966741,-2.37091562325785,-2.41545933048597,-1.95731340052344,-1.6393687288016,-1.88089728791699,-0.916712842297577,-1.70897251405115,-1.65729028789327,-1.5146120445231,-1.62996159841513,-0.797132128898086,-0.440861770671756,-1.2299870731777,1.84918163454615,0.667706843018898,1.44599714894486,6.8376450120793
"WesternUrban",63,"SLE","IN",3219,528224,5.03816825313758,4.08785281390177,0.919488794535534,4.59409803054802,5.65209074026288,2.96240416285427,-0.437274314661237,7.78727700217321,2.9527010965677,-0.546237563515087,-0.459462304866223,-0.485105588936614,-0.126246316757162,-0.125988157669742,-0.206865434791334,-0.308327995164239,-0.300822675962276,-0.281112938093259,-0.290958840783692,-0.391703739601521,0,0,-0.319061444149987,-0.259402814528728,0,-1.84882756960437,-1.95698834073277,-1.93423465945006,-0.294166945885769,-0.689587730318954,-0.672047751531586,-0.613822911078927,0.111830714780792,0.682533803686071,1.81669274678632,1.80736517992602,1.2176973390017,0.487234037795614,0.340546467999171,0.0738556370497997,-2.27100925001653,-2.52238793040929,-2.67443090920236,-2.66792484450541,-2.18189216525645,-1.72527199761656,-1.88089728791699,-0.998670610482641,-1.89428610440867,-1.82118446165736,-1.64710894837913,-1.84281099339235,-0.560898201789868,-0.621595473143535,-1.26904113075043,2.04128712986838,0.861649717180308,1.13088166456081,5.12130017406251
"Yamou",34,"GIN","IN",12,300674,-0.439239306262383,-0.510981601737721,-0.0123382125254377,0.38683349667002,0.767852974537448,-0.157642750842041,-0.787024877900362,-0.113884127354052,-0.509155558152468,-0.546237563515087,-0.459462304866223,-0.485105588936614,-0.126246316757162,-0.125988157669742,1.96950458333191,-0.308327995164239,3.71405126050189,0.494159579987048,-0.290958840783692,-0.391703739601521,0,0,-0.319061444149987,-0.259402814528728,0,0.0506348451072263,-0.150635243192679,-0.480141245265576,0.591602925353619,1.03560842713844,1.60127217381759,1.30836246800676,0.123008432892892,-0.689221359295816,-0.856972605962543,-0.790803388693948,-0.52960004202857,-0.399813445658638,-0.0898073857271217,0.136725608118208,0.450463494596479,0.271345779560078,0.0515844382345292,-0.0310634087967873,0.147071401085466,0.231415493115927,0.605022661528376,1.03205310367344,0.576564126995757,0.20017878782996,-0.140571047095027,-0.0414741876172157,0.424506860172053,-1.02607094481149,-1.47260874589064,-0.103923961887005,-1.12368675151668,0.151685103826597,-0.21469345424304
"Yanfolila",73,"MLI","OUT",0,217429,-0.459734750825152,-0.510981601737721,-0.353230056967497,-0.436493691291953,-0.953439904571895,-0.229014971043843,0.225223478038247,-0.189651309043723,NA,NA,NA,NA,NA,NA,NA,NA,NA,NA,NA,NA,NA,NA,NA,NA,NA,0.607302415597705,0.358964459118283,-0.0539644730849269,NA,NA,NA,NA,NA,NA,NA,NA,NA,NA,NA,NA,NA,NA,NA,NA,NA,NA,NA,NA,NA,NA,NA,NA,0.388676162229959,0.690344235692098,0.957998727913949,-1.23741913909566,0.575585569028004,-1.2240726515279,-0.346664840520321
